{"cameraMode":{"drawMode":0,"name":"Shaded","section":"Shading Mode"},"sceneLighting":false,"audioPlay":false,"sceneViewState":{"m_AlwaysRefresh":false,"showFog":true,"showSkybox":false,"showFlares":true,"showImageEffects":true,"showParticleSystems":true,"showVisualEffectGraphs":true,"m_FxEnabled":true},"in2DMode":false,"pivot":{"x":-0.10999995470046997,"y":1.9199999570846558,"z":-0.03200007975101471},"rotation":{"x":0.05241160839796066,"y":0.049411606043577197,"z":-0.002596497070044279,"w":0.9973991513252258},"size":0.8660255670547485,"orthographic":true}